{"timestamps": [1666760736.262227, 1666760767.730434, 1666760821.854834, 1666760888.694494, 1666760960.061626, 1666761044.006761], "initial_reset_timestamp": 1666760707.872484, "episode_types": ["t", "t", "t", "t", "t", "t"], "episode_lengths": [125, 17, 107, 45, 29, 70], "episode_rewards": [72.0, -152.0, 38.0, -84.0, -128.0, -71.0]}